<?xml version="1.0" encoding="UTF-8"?>
<project-private xmlns="http://www.netbeans.org/ns/project-private/1">
    <editor-bookmarks xmlns="http://www.netbeans.org/ns/editor-bookmarks/2" lastBookmarkId="0"/>
    <open-files xmlns="http://www.netbeans.org/ns/projectui-open-files/2">
        <group>
            <file>file:/C:/Users/Dbos/Documents/CIS%202600/Lab3ckaufm1889/src/lab3ckaufm1889/Lab3ckaufm1889.java</file>
            <file>file:/C:/Users/Dbos/Documents/CIS%202600/Lab3ckaufm1889/src/lab3ckaufm1889/Salesperson.java</file>
        </group>
    </open-files>
</project-private>
